time,I
0.064,179.04
0.263,174.99
0.462,169.75
0.66,158.82
0.858,82.15
1.056,94.82
1.255,101.49
1.455,100.84
1.656,80.07
1.848,60.81
2.046,53.34
2.245,49.16
2.449,47.57
2.643,43.87
2.84,59.94
3.039,88.7
3.237,106.63
3.432,116.26
3.631,116.6
3.827,119.88
4.029,130.31
4.224,141.9
4.421,145.72
4.621,142.17
4.818,179.55
5.018,181.25
5.214,176.94
5.411,165.57
5.608,177.09
5.806,180.56
6.005,179.91
6.4,180.32
6.6,180.96
6.796,181.56
6.998,180.6
7.192,180.64
7.391,180.96
7.587,176.74
7.787,155.06
7.983,155.43
8.182,156.53
8.377,158.83
8.584,159.21
8.773,159.81
8.975,159.82
9.169,159.9
9.37,160.5
9.563,159.58
9.763,160.5
9.958,159.58
10.16,160.22
10.354,159.58
10.551,160.22
10.752,159.26
11.148,159.58
11.345,160.22
11.937,160.3
12.136,160.26
12.331,160.59
13.719,160.26
13.914,159.9
14.114,160.59
14.311,159.86
14.507,160.59
15.5,159.86
15.694,160.27
15.893,160.19
16.092,160.59
16.298,159.9
16.485,160.18
16.683,159.9
16.881,160.3
17.08,159.58
17.277,159.9
17.676,159.58
17.87,160.18
18.067,160.3
18.264,160.26
18.467,160.5
18.661,160.59
19.258,160.26
19.453,159.49
19.649,159.58
20.046,160.26
20.251,160.59
20.44,159.58
20.639,160.5
20.837,160.3
21.038,160.18
21.431,160.59
21.627,160.26
21.825,160.59
22.222,160.5
22.419,159.9
22.617,159.98
22.815,160.5
23.015,159.58
23.209,160.22
23.407,159.58
23.605,160.59
23.805,160.26
24.199,160.59
24.394,160.5
24.594,160.59
24.791,160.67
24.989,159.95
25.186,160.26
25.388,159.98
25.782,160.3
26.185,160.26
26.374,159.26
26.768,159.98
27.166,160.22
27.365,160.26
27.56,160.3
27.761,159.98
27.955,160.3
28.155,159.98
28.349,160.22
28.551,159.98
28.746,160.3
28.951,159.67
29.141,160.26
29.34,160.39
29.537,160.3
29.736,159.58
29.932,159.98
30.526,159.89
30.724,159.67
31.121,159.89
31.318,159.57
31.517,159.98
32.307,159.3
32.506,159.98
32.701,159.3
32.9,158.97
33.096,159.98
33.297,159.66
33.494,158.74
33.691,159.06
33.888,159.66
34.283,159.06
34.484,159.98
34.681,160.38
34.883,159.78
35.275,159.46
35.474,159.38
35.669,159.46
35.867,160.1
36.064,159.46
36.264,159.38
36.461,159.78
36.659,159.38
36.856,159.78
37.064,159.18
37.25,160.1
37.45,159.5
37.647,159.18
37.85,159.26
38.043,159.86
38.24,158.86
38.439,158.94
38.636,159.26
38.833,159.26
39.034,158.57
39.229,159.18
39.427,159.49
39.625,158.57
40.022,159.26
40.218,158.57
40.415,158.25
40.614,158.65
40.812,158.57
41.009,159.58
41.206,159.26
41.405,158.34
41.799,158.05
41.999,158.65
42.196,158.97
42.394,158.74
42.59,158.05
42.79,158.45
43.185,158.05
43.38,158.13
43.58,158.05
43.975,157.76
44.172,157.81
44.378,158.17
44.568,157.85
44.767,157.76
44.962,157.57
45.16,157.48
45.358,157.57
45.953,157.24
46.148,157.57
46.348,157.85
46.544,157.57
47.139,157.33
47.335,157.57
47.536,157.24
47.731,157.33
47.929,157.65
48.126,157.33
48.327,157.24
48.523,156.96
49.116,157.28
49.317,156.87
49.718,156.55
49.908,156.64
50.106,156.96
50.303,157.05
50.5,156.64
51.49,156.96
52.279,156.64
52.479,156.73
52.676,156.64
52.876,155.95
53.073,157.27
53.272,156.64
53.467,156.44
53.667,156.36
54.257,156.03
54.852,156.27
55.052,155.35
55.247,156.27
55.643,156.03
55.841,156.36
56.042,156.03
56.436,155.71
56.632,156.67
56.833,155.75
57.028,155.43
57.823,155.34
58.015,155.43
58.213,155.14
58.809,155.11
59.005,155.14
59.796,153.9
59.994,154.63
60.191,154.95
60.389,154.86
60.982,154.63
61.377,154.95
61.577,154.54
61.773,153.62
61.973,154.58
62.17,154.34
62.369,154.94
62.567,154.54
62.962,154.26
63.555,153.62
63.753,154.26
64.344,153.93
64.742,154.02
65.336,153.61
65.534,154.33
65.729,153.93
65.93,153.61
66.126,153.7
66.324,153.34
66.52,153.7
66.72,154.66
66.917,153.93
67.116,154.02
67.313,154.34
67.512,153.93
67.707,154.34
67.903,153.7
68.104,154.02
68.497,153.93
69.289,153.61
69.683,153.93
70.079,153.7
70.476,153.74
71.267,153.61
71.476,153.01
71.663,153.74
71.861,153.42
72.058,153.33
72.259,153.42
72.652,153.33
72.848,152.73
73.052,153.01
73.245,153.13
73.841,153.09
74.235,154.05
74.431,153.13
75.025,152.81
75.423,153.05
76.013,152.72
76.211,152.81
77.002,152.72
77.203,151.8
77.398,152.53
77.602,152.4
77.795,151.8
77.992,152.53
78.389,151.84
78.584,152.12
78.783,151.52
79.179,151.2
79.377,151.92
79.576,151.2
79.781,151.92
79.975,151.83
80.169,151.92
80.569,151.6
80.959,151.24
81.155,151.6
81.356,150.92
82.146,150.59
82.345,151.32
82.937,150.63
83.532,150.31
85.514,150.91
85.708,150.31
87.289,150.55
87.485,150.31
88.08,150.91
88.279,150.22
89.072,150.95
89.269,150.62
89.464,149.9
89.859,150.03
90.059,149.94
90.254,150.26
90.453,149.94
90.649,150.62
90.85,150.26
91.047,150.03
91.837,149.94
92.035,150.03
92.434,149.62
92.628,150.03
93.025,149.7
93.616,149.62
94.013,149.94
94.212,150.03
94.407,149.94
95.4,149.7
95.595,149.94
96.582,149.62
96.786,149.94
96.983,149.62
98.368,149.3
98.956,148.7
99.357,149.3
99.555,148.7
100.749,149.42
100.938,149.1
101.137,149.01
102.323,148.42
102.726,149.01
102.916,148.69
103.116,148.42
103.313,148.09
103.511,148.33
104.103,148.73
104.303,148.96
104.502,148.64
105.093,148.32
105.292,148.73
105.489,148.41
105.883,148.73
106.28,148.64
106.477,148.41
106.674,147.69
106.874,148.64
107.268,148.41
107.465,147.72
107.865,147.4
108.059,147.72
108.652,147.4
109.047,147.72
110.237,147.49
110.431,147.72
110.826,148.05
111.03,147.81
111.422,148.05
111.618,147.81
112.013,147.72
112.211,148.05
112.609,147.72
113.202,147
113.4,147.72
113.595,147.92
113.795,147.72
113.992,148.64
114.191,147.72
114.386,148.05
114.588,147.72
116.366,148.64
116.561,148.41
116.758,147.72
116.959,148.64
117.154,147.4
117.356,147.72
118.145,148.64
118.343,147.72
118.739,147.6
118.938,147.64
119.925,147.32
120.122,147.64
120.518,147.32
121.506,146.99
121.705,146.72
121.903,147.64
122.302,147.32
122.702,147.64
122.891,147.32
123.09,146.72
123.287,147.32
123.486,146.4
123.689,146.72
123.879,146.4
124.078,146.63
124.276,146.99
124.472,147.35
125.067,146.63
125.268,146.4
125.462,146.63
125.661,147.32
125.858,147.03
127.638,147.35
127.837,147.03
128.033,146.63
128.23,147.03
128.627,147.35
128.826,146.4
129.022,146.63
129.22,147.32
129.417,146.63
129.615,146.4
129.813,147.35
130.011,147.03
130.207,146.63
130.804,147.35
130.999,146.4
131.396,146.63
132.582,147.35
132.779,146.63
132.978,146.31
133.175,147.35
133.373,146.63
133.768,147.03
134.361,146.31
134.559,147.03
134.758,146.63
134.959,147.03
135.154,146.63
135.35,147.03
135.944,147.35
136.141,147.03
138.715,146.95
139.111,146.62
139.307,146.35
139.506,146.03
139.704,146.58
139.9,146.03
140.1,146.35
140.294,146.03
140.494,146.35
141.288,146.03
141.683,145.94
141.877,146.35
142.076,146.26
142.273,146.03
142.472,146.26
142.667,146.03
143.264,146.26
143.459,146.03
143.658,146.11
143.856,146.03
144.057,146.26
144.251,145.94
144.451,146.26
144.645,145.94
147.218,146.26
147.419,146.03
147.812,145.94
148.014,145.7
148.209,146.03
148.405,145.7
148.603,146.03
149.393,145.94
150.387,145.7
150.582,146.26
150.782,146.03
150.978,146.26
151.177,146.03
151.374,145.94
151.572,146.26
151.768,145.7
151.968,146.03
152.166,146.26
152.362,146.03
153.155,145.94
153.357,146.03
153.549,146.26
153.747,146.03
154.933,146.26
155.131,146.03
155.923,145.94
158.889,146.26
159.484,145.94
161.859,145.62
162.06,145.94
163.047,145.62
163.242,145.94
163.44,146.18
163.642,145.94
164.63,145.62
164.826,146.18
165.025,145.94
165.222,146.18
165.42,145.94
165.617,145.62
165.813,145.02
166.017,145.94
166.41,145.85
166.609,145.62
166.804,145.94
167.599,145.62
167.796,145.94
167.991,145.62
168.194,145.85
168.388,144.93
168.587,145.85
168.783,145.94
168.984,145.62
169.773,145.94
170.167,144.93
170.562,145.26
170.763,144.93
170.958,145.26
171.164,145.85
171.355,145.66
171.552,145.3
171.749,145.62
171.955,144.7
172.144,145.85
172.342,144.93
172.738,145.02
172.933,145.62
173.136,145.26
173.33,145.62
173.529,145.85
173.925,145.62
174.914,145.53
175.113,144.93
175.51,145.85
175.703,145.66
175.902,144.93
176.099,145.66
176.3,145.33
176.694,145.57
177.485,145.25
177.68,145.33
178.077,145.57
178.275,145.25
178.472,145.57
178.673,145.33
178.866,144.97
179.066,145.33
179.268,145.57
179.662,145.25
180.45,145.33
180.847,145.57
181.241,145.33
181.444,145.57
181.635,145.25
183.221,144.85
183.421,145.25
184.21,144.93
184.407,145.25
184.804,145.16
185.001,145.25
187.177,144.61
187.376,145.25
187.967,145.57
188.168,145.25
188.363,145.57
188.565,145.25
188.762,145.57
189.558,145.25
190.542,145.57
190.737,145.25
191.925,145.48
192.125,145.25
192.725,144.53
192.914,145.25
193.115,145.48
193.311,145.25
193.704,145.48
194.298,145.25
195.09,145.57
195.287,145.25
196.078,144.33
196.276,144.56
196.476,145.48
196.671,145.25
198.452,145.57
198.649,145.25
198.847,145.57
199.046,145.25
199.244,144.97
199.441,145.25
199.837,144.65
200.035,145.25
200.438,145.57
200.629,145.25
200.825,145.57
201.419,145.25
201.617,145.48
202.011,145.25
202.209,144.89
202.406,145.25
202.804,144.89
203.011,144.65
203.397,144.56
203.594,144.89
203.793,145.48
203.988,145.16
204.385,144.56
204.582,145.48
205.175,144.56
205.374,145.48
205.571,145.25
205.965,145.48
206.363,144.89
206.756,145.16
206.955,145.48
207.35,144.89
207.551,145.48
208.344,145.8
208.538,144.89
210.517,144.56
210.715,144.89
210.911,145.48
211.505,144.89
211.708,145.48
211.903,145.08
212.102,145.48
212.496,144.56
212.692,144.89
213.089,144.56
213.486,145.48
213.681,144.89
213.877,145.48
214.477,145.25
214.674,144.65
215.068,144.89
215.661,145.48
215.858,143.93
216.056,144.56
216.256,144.65
216.452,144.89
216.654,144.56
217.245,145.25
217.442,144.56
218.633,144.48
218.824,144.56
219.617,144.89
219.815,144.56
220.211,144.48
220.804,144.24
221.002,144.56
221.199,144.48
221.594,144.24
221.793,144.48
223.385,144.16
223.773,144.48
223.973,144.16
224.166,144.48
225.353,144.16
225.553,143.56
225.748,144.48
226.937,145.2
227.134,144.48
227.539,144.16
227.727,143.56
227.926,144.48
228.123,144.16
228.325,144.88
228.716,144.16
228.913,144.88
229.114,144.16
229.309,144.48
229.509,144.16
229.704,144.48
230.297,144.16
231.683,144.48
231.883,144.52
232.082,144.48
232.277,144.16
233.266,144.39
233.462,144.16
235.442,143.24
235.642,143.83
235.837,144.16
236.825,145.11
237.024,144.16
237.419,144.07
237.617,143.47
237.814,144.52
238.012,143.24
238.21,144.16
238.409,143.47
238.606,144.16
238.803,143.47
238.999,143.56
239.2,144.16
239.395,143.56
239.593,143.83
239.791,144.16
239.991,143.47
240.189,144.79
240.385,143.56
240.584,144.16
240.977,143.83
241.177,144.16
241.373,143.83
241.572,144.16
241.771,143.83
242.759,144.16
242.956,144.07
243.154,143.83
243.353,144.07
243.549,144.16
244.143,144.07
244.341,144.39
244.541,144.19
244.737,143.47
244.934,144.07
245.131,144.16
246.121,143.79
246.321,143.56
247.11,143.79
247.308,145.11
247.506,143.56
247.9,144.39
248.098,143.47
248.295,143.56
248.495,144.28
248.691,144.52
248.889,143.56
249.087,143.79
250.078,144.16
250.275,144.39
250.472,143.47
250.877,144.19
251.065,143.47
251.264,144.19
251.46,144.52
251.662,144.19
251.855,143.47
252.056,144.19
252.254,143.47
252.649,144.19
252.845,144.52
253.045,144.19
253.635,144.39
253.833,144.19
254.624,143.87
254.823,143.47
255.416,144.19
255.615,143.87
255.812,144.19
256.009,143.47
256.206,144.07
256.408,144.19
256.604,143.47
256.801,144.19
257.789,143.87
258.592,144.11
258.781,143.47
258.979,143.87
259.772,143.15
259.967,144.11
260.368,143.87
260.559,143.47
260.758,143.87
260.959,144.19
261.154,144.11
261.357,143.87
261.547,144.19
261.748,143.47
261.944,144.11
263.331,143.79
263.922,143.39
264.319,144.11
264.911,143.79
265.11,144.11
265.503,143.79
265.703,144.11
266.1,143.79
266.296,144.11
266.496,143.79
266.69,143.15
266.89,144.11
267.086,143.79
267.681,144.11
267.877,143.79
268.669,144.11
268.87,143.79
269.065,144.11
269.659,143.79
270.449,144.11
270.847,143.79
271.043,143.87
272.624,144.11
272.827,143.87
273.217,143.15
273.415,143.79
273.616,143.55
273.813,143.79
274.011,143.87
274.211,143.79
274.404,144.11
274.998,143.79
275.196,143.55
275.393,143.87
275.99,143.55
276.183,143.79
276.58,144.11
276.781,143.87
277.173,143.79
277.37,144.11
277.965,143.87
278.162,144.11
278.556,143.79
278.758,144.11
278.953,143.79
279.349,144.11
279.548,143.79
280.542,143.06
280.738,143.79
280.93,144.11
281.13,143.79
283.306,144.11
283.505,143.79
283.701,143.39
283.9,144.11
284.099,143.79
284.493,144.11
284.69,143.19
284.887,144.11
285.085,143.79
285.48,144.11
285.685,143.79
285.874,143.19
286.076,144.11
286.271,143.79
287.462,143.46
287.656,143.19
287.854,143.79
288.251,143.19
288.448,143.79
288.645,143.46
288.843,143.1
289.041,143.79
289.832,143.7
290.032,143.79
290.23,144.02
291.019,143.7
291.216,143.79
291.61,143.7
291.811,143.79
292.007,143.7
292.208,143.79
293.589,143.46
293.986,143.79
294.976,143.42
295.172,143.79
295.368,143.7
295.569,143.79
295.766,143.1
295.966,143.79
296.755,143.1
296.953,143.7
297.15,143.42
297.355,143.79
297.545,143.1
297.744,143.19
297.941,144.02
298.536,143.1
298.733,144.02
298.935,143.79
299.326,144.02
299.525,143.46
299.722,143.79
299.92,143.46
300.12,143.7
300.314,143.46
300.511,143.79
301.304,144.02
301.698,143.79
302.095,143.46
302.291,143.79
303.084,144.02
303.282,143.79
303.481,144.02
303.676,143.42
303.875,143.79
304.27,142.87
304.469,143.79
304.665,144.02
305.061,143.7
305.259,143.79
307.437,144.02
307.835,142.87
308.03,143.42
308.229,143.19
308.63,143.79
308.82,143.42
309.019,143.46
309.216,143.79
309.416,143.7
309.611,143.79
309.81,143.19
310.206,142.87
310.401,143.1
310.602,142.87
310.797,143.1
311.789,143.19
311.983,142.87
312.182,143.1
312.379,142.87
312.58,143.42
312.777,143.1
313.766,143.06
313.963,143.1
314.161,143.7
314.359,143.1
314.556,142.87
315.148,143.19
316.138,143.1
316.335,143.19
316.732,143.1
318.709,143.7
318.907,143.1
320.294,143.7
320.488,143.1
320.696,142.78
321.083,143.1
321.676,142.87
321.877,143.1
322.667,142.78
323.259,143.1
325.039,142.78
325.433,143.1
326.027,142.78
326.822,143.74
327.019,142.78
327.216,143.1
327.41,142.78
328.995,143.1
329.395,142.78
329.588,143.1
330.776,142.78
330.973,143.1
331.172,142.78
331.569,143.1
332.557,142.78
333.154,143.1
333.349,142.78
333.546,143.1
333.741,142.78
333.942,143.1
334.137,142.78
335.126,143.1
335.332,142.78
336.317,143.1
338.293,142.78
338.488,143.1
338.883,144.02
339.085,143.1
339.876,143.7
340.071,143.1
340.272,142.78
340.863,143.02
341.064,143.1
342.051,143.02
342.841,142.78
343.041,143.34
343.237,143.02
343.634,142.78
343.834,143.02
344.027,142.78
344.23,143.02
344.424,142.78
345.215,143.38
345.414,142.78
345.61,143.02
346.006,142.78
346.214,143.02
346.402,142.69
346.603,143.02
346.797,142.78
346.996,143.02
347.192,142.78
347.786,143.02
348.974,142.69
349.37,143.02
350.162,142.78
350.357,142.69
350.753,142.78
351.148,143.02
352.73,142.78
353.126,143.02
353.326,142.78
353.723,143.02
355.303,142.78
355.699,143.02
356.095,143.7
356.29,142.78
356.886,143.02
357.082,142.69
358.666,142.37
358.863,142.69
359.062,143.02
359.258,142.69
361.83,143.02
362.029,142.69
364.204,143.02
364.403,142.69
364.996,143.02
365.588,142.69
365.785,143.02
365.983,142.69
366.774,143.42
366.973,142.37
367.171,142.69
368.355,142.37
368.56,142.69
368.951,143.02
369.149,142.69
370.335,143.42
370.731,142.93
370.93,143.42
371.128,143.65
371.328,142.93
371.522,143.65
371.722,143.02
371.919,142.69
372.117,142.93
372.312,142.69
372.513,142.61
373.105,142.69
373.301,142.93
373.501,143.42
373.699,142.69
373.894,143.09
374.093,142.69
374.688,143.02
374.886,142.93
375.084,142.69
375.478,143.02
375.676,142.69
375.875,143.42
376.072,142.69
376.864,143.09
377.06,142.69
377.259,142.93
377.456,143.42
377.654,142.61
377.85,142.69
379.83,143.42
380.028,142.69
380.429,143.42
380.619,142.69
380.818,143.02
381.017,142.69
382.203,142.37
382.401,143.42
382.598,142.69
383.786,142.37
383.983,142.69
386.752,143.02
386.951,142.69
389.323,143.65
389.532,143.33
389.72,143.65
389.919,142.93
390.117,142.61
390.313,143.33
390.512,142.61
390.907,143.33
391.103,142.61
391.504,142.37
391.898,143.05
392.094,142.69
392.294,142.37
392.49,142.69
392.885,142.37
393.874,142.69
394.071,142.37
394.268,143.42
394.468,142.69
396.049,142.61
396.445,142.69
397.433,142.93
397.633,142.61
398.029,142.93
398.421,142.37
398.621,142.93
399.017,142.69
399.215,143.33
399.41,142.69
399.608,142.37
399.805,142.69
400.004,142.61
400.8,143.33
400.995,142.93
401.192,142.69
401.391,142.37
401.587,142.61
401.783,142.37
401.982,142.69
402.178,142.37
402.377,142.69
402.97,142.93
403.17,142.69
404.356,142.37
404.553,142.73
404.753,142.61
404.948,142.69
405.545,142.61
405.742,142.69
405.939,143.33
406.135,142.69
406.73,141.77
406.927,142.37
407.126,142.69
407.52,142.61
407.718,142.37
407.915,143.33
408.113,142.61
408.312,143.33
408.508,142.61
408.708,142.93
409.102,142.61
409.498,142.69
410.091,142.61
410.291,142.93
410.487,142.69
410.683,142.61
411.079,143.33
411.278,142.61
411.876,142.69
412.068,142.61
412.265,143.33
412.466,142.01
412.662,143.33
412.859,142.69
413.057,142.93
413.256,142.61
413.452,143.33
413.846,142.37
414.244,142.61
414.441,142.01
414.637,142.73
414.839,142.93
415.235,142.73
415.43,142.61
415.828,143.33
416.023,142.61
416.219,142.93
416.419,142.61
416.617,143.33
417.013,142.93
418.004,142.61
419.188,142.93
419.585,142.61
420.771,142.01
421.168,142.61
421.365,143.33
421.561,142.61
421.762,142.01
421.958,143.33
422.155,142.73
422.361,142.61
422.749,142.93
422.946,142.01
423.143,142.73
423.341,142.01
423.541,142.61
423.935,142.41
424.133,142.01
424.528,142.61
424.925,142.01
425.126,143.01
425.319,143.33
425.516,142.41
425.912,141.69
426.308,142.41
426.508,141.69
426.703,142.01
426.901,142.61
427.099,142.01
427.297,142.73
427.496,141.69
427.693,142.73
428.089,142.61
428.68,142.01
428.882,142.61
429.472,143.33
429.675,142.41
429.868,142.61
430.265,142.41
430.461,143.33
430.659,142.01
430.856,142.73
431.054,142.41
431.254,142.61
431.449,142.29
431.648,142.73
431.845,143.01
432.046,142.29
432.241,143.33
432.635,142.29
432.838,142.61
433.033,143.01
433.231,142.29
433.429,142.73
433.627,142.29
433.826,142.61
434.021,143.33
434.218,142.61
434.416,143.01
434.614,142.41
435.206,143.01
435.407,142.41
435.799,142.73
435.999,142.65
436.197,141.69
436.592,142.41
436.988,141.69
437.186,142.01
437.383,142.73
437.582,142.61
437.777,142.29
437.975,143.01
438.172,142.41
438.381,141.69
438.569,142.01
438.767,142.61
438.963,142.73
439.165,142.29
439.359,142.41
439.558,142.61
439.758,141.69
439.952,142.41
440.153,142.73
440.548,142.61
440.747,142.73
440.942,143.01
441.139,142.61
441.339,142.41
441.534,142.73
441.732,142.41
442.92,142.65
443.314,142.41
443.512,142.65
444.501,142.41
445.492,142.73
445.689,142.41
445.89,142.73
446.085,142.41
446.677,142.65
446.875,142.41
447.076,142.73
447.27,142.41
447.47,141.69
447.667,142.41
448.064,142.73
448.258,142.41
448.657,142.65
448.853,142.41
449.645,142.73
449.843,142.41
450.044,142.65
450.436,142.41
450.632,143.24
450.831,142.41
451.228,142.65
451.423,142.41
451.623,143.01
451.823,142.65
452.019,143.24
452.214,142.65
452.61,143.01
452.81,142.65
453.206,143.24
453.403,142.41
453.6,142.65
453.996,142.41
454.196,143.33
454.39,142.65
455.183,143.01
455.378,142.65
455.58,143.01
455.975,142.65
456.169,143.01
456.369,142.41
456.568,142.29
456.762,142.41
456.967,142.65
457.159,142.41
457.555,142.52
457.752,142.41
457.953,143.33
458.148,143.24
458.346,142.73
458.542,142.41
458.742,142.97
458.939,143.01
459.14,143.24
459.337,142.29
459.532,143.01
459.928,143.24
460.125,142.41
460.719,143.01
460.916,142.73
461.116,142.29
461.311,142.41
461.707,142.65
462.102,143.24
462.301,142.65
462.696,143.24
462.899,142.65
463.103,141.95
463.289,142.65
463.884,141.92
464.079,142.65
464.278,142.61
464.476,142.65
464.872,142.32
465.076,142.65
465.865,141.92
466.061,142.65
466.257,142.73
466.456,142.41
466.652,142.65
467.247,142.41
467.444,142.65
467.836,142.41
468.038,142.65
468.233,142.97
468.431,142.41
468.832,142.65
469.423,141.92
469.818,142.61
470.014,142.01
470.213,142.65
470.408,142.73
470.608,142.97
470.806,142.41
471.004,142.65
471.597,142.41
471.793,142.01
471.992,142.41
472.187,142.65
472.386,142.41
472.78,142.65
472.982,142.41
473.177,142.73
473.374,142.41
473.572,142.65
473.969,141.92
474.167,142.65
474.759,142.41
474.959,141.69
475.155,142.41
475.356,142.65
475.748,141.92
475.95,142.65
476.144,142.41
476.341,142.65
476.737,142.73
476.936,142.41
477.133,142.65
477.529,141.69
477.729,142.41
477.923,141.69
478.122,142.41
478.32,142.65
478.914,142.41
479.111,142.29
479.309,142.65
480.298,142.32
480.495,142.65
481.286,142.41
481.485,142.65
482.077,142.73
482.275,141.69
482.476,142.65
483.067,141.69
483.264,142.41
483.461,142.73
483.668,141.69
483.858,142.41
484.055,142.65
484.65,142.41
485.242,142.73
485.441,142.41
485.637,142.73
486.033,142.41
486.232,141.69
486.429,142.65
486.628,142.01
486.824,142.97
487.024,142.41
487.219,142.61
487.419,141.92
487.613,142.65
487.814,142.41
488.801,141.69
489,142.01
489.196,142.41
489.395,142.01
489.591,142.65
489.792,142.41
489.986,142.97
490.187,142.41
490.382,142.65
490.583,142.01
490.777,142.65
491.175,142.41
491.57,142.73
491.766,142.41
492.163,142.65
492.359,142.41
492.56,142.65
492.756,142.61
492.955,142.32
493.157,142.65
493.545,141.92
493.942,142.65
494.535,142.41
494.734,142.73
494.933,142.65
495.33,141.92
495.524,141.69
495.724,142.61
495.921,142.65
496.315,142.97
496.515,142.65
497.306,142.41
497.701,142.65
497.898,142.73
498.097,142.41
498.292,142.65
499.678,141.92
499.876,142.65
501.458,142.32
501.658,142.65
502.448,142.32
502.645,142.65
502.844,142.84
503.045,142.65
503.634,142.32
504.028,142.65
504.228,142.32
504.428,142.65
504.828,142.32
505.018,142.65
505.413,141.92
505.611,142.65
506.007,142.32
506.401,142.65
507.789,142.29
507.985,142.65
508.775,142.32
508.975,142.65
509.372,142.32
509.963,142.65
510.16,142.32
510.952,142.65
511.35,142.32
511.545,142.65
513.523,143.24
513.722,142.65
517.48,142.32
517.878,142.65
519.853,142.32
520.249,142.65
520.645,142.32
520.841,141.92
521.042,142.65
521.24,143.24
521.439,142.65
521.634,142.32
521.832,141.6
522.029,142.32
522.226,142.65
522.819,142.32
524.009,142.65
524.402,142.32
524.603,142.65
524.799,142.32
525.194,142.65
525.389,141.92
525.59,142.65
525.786,141.92
525.983,142.65
526.18,142.52
526.38,142.65
526.777,142.32
526.972,142.65
527.368,142.32
527.567,142.65
527.764,142.32
528.554,142.65
528.756,142.32
529.347,141.92
529.549,142.65
529.742,142.52
529.94,142.65
530.338,142.32
531.719,142.52
531.92,142.65
532.908,142.32
533.107,141.6
533.302,142.32
533.697,142.65
533.898,142.32
534.294,142.65
534.883,142.32
535.085,142.65
535.282,142.32
535.48,142.65
535.678,141.92
535.876,142.65
536.073,142.32
536.67,142.56
537.061,142.88
537.258,142.32
537.656,141.92
537.853,142.65
538.248,142.56
538.444,142.32
539.04,142.65
539.632,142.32
539.833,142.56
540.027,142.32
540.225,142.65
541.018,142.32
541.61,141.92
542.009,142.32
542.207,141.92
542.599,142.56
542.799,142.32
543.193,141.92
543.789,142.65
544.58,142.56
545.765,142.32
545.962,141.28
546.163,142.56
546.359,142.32
547.35,142.56
547.746,141.92
547.942,142.65
548.137,142.56
548.342,142.32
548.933,142.56
549.324,142.32
549.72,142.56
550.116,142.32
550.313,141.6
550.512,142.32
550.708,142.56
551.309,142.32
551.5,141.6
551.698,142.32
552.687,141.92
552.887,142.32
553.082,142.56
553.282,141.6
553.676,142.32
554.075,141.6
554.268,142.56
554.667,142.32
554.865,142.56
555.064,142.32
555.257,142.56
555.456,142.32
555.655,142.56
555.851,142.32
556.051,142.56
556.447,142
556.641,142.56
556.842,142.32
557.833,141.6
558.028,142.32
559.215,142
559.414,142.32
559.81,142.52
560.005,142.32
561.392,141.6
561.589,142.32
564.357,142.56
564.56,142.32
564.754,142.56
564.953,142.32
565.547,142.56
566.536,142
566.735,142.24
566.931,142.32
567.127,142.56
567.325,142.32
567.523,142.56
567.722,142.24
567.918,142.32
568.118,142.24
568.313,142.56
568.513,142.32
568.709,142.56
568.909,142.24
569.699,142.32
569.902,142.24
570.689,142.32
571.089,142.24
571.479,142.56
571.676,142.24
572.273,142.56
573.063,142.24
573.26,142.56
573.655,142.24
574.644,142.56
575.831,142.24
576.028,142.56
576.623,142.32
576.821,142.56
577.021,141.96
577.215,142.56
578.403,142.32
578.604,142.56
579.396,141.84
579.587,141.6
579.788,142.56
580.183,142.32
580.579,142
580.778,142.32
581.174,142.56
581.371,142.32
581.77,142.56
581.966,141.92
582.162,142.56
582.557,142.32
582.756,142.56
582.952,142.24
583.15,142.56
583.546,142.32
584.535,142.56
584.733,142.32
584.93,142.56
585.127,142
585.327,142.24
585.522,142.56
585.721,142.32
587.701,141.6
587.899,142.32
588.892,142.56
589.281,142.32
589.877,142.24
590.073,142.32
590.27,142.24
590.467,142
590.666,142.56
591.067,142.24
591.259,142.56
591.653,141.6
591.852,142.56
593.24,142.24
593.435,142.56
593.635,141.64
593.831,142.24
594.029,142.56
594.426,142.24
595.018,142.56
595.412,142.24
595.613,142.56
596.013,142.24
596.998,141.6
597.195,142.24
597.786,141.92
597.985,142.32
598.18,142.56
599.174,142.24
599.368,142.32
599.96,142.56
600.553,141.96
600.752,142.56
601.15,142.32
601.545,141.73
601.744,142.56
601.942,142.32
602.14,142.56
602.338,141.96
602.534,142.56
602.932,142.65
603.128,142.56
603.327,141.6
603.526,142.56
603.927,142.24
604.126,142.32
604.326,142.56
604.525,141.6
604.726,141.64
604.926,142.24
605.324,141.6
605.524,142.24
605.928,142
606.127,142.32
617.213,142.56
617.214,142.32
617.214,142.56
617.214,142.24
617.214,142.56
617.214,142.24
617.214,141.64
617.214,142.56
617.215,142.24
617.22,141.64
617.221,142.24
617.221,142.56
617.221,142.24
617.221,142.56
617.221,141.64
617.221,142.24
617.221,141.64
617.221,142.24
617.221,141.64
617.222,142.24
617.222,141.64
617.222,142.24
617.222,142.56
617.222,141.64
617.223,142.24
617.223,141.64
617.223,142.56
617.223,141.64
617.223,142.24
617.224,141.64
617.224,142.24
617.224,141.64
617.224,142.24
617.224,141.64
617.319,142.56
617.596,142.24
617.723,141.6
617.94,141.64
624.234,142.24
624.234,141.64
624.234,142.24
624.234,142.56
624.234,142.24
624.234,141.64
624.235,142.24
624.235,141.64
624.235,142.24
624.235,141.64
624.235,142.24
624.236,141.64
624.239,142.56
624.24,141.64
624.24,142.24
624.24,141.96
624.24,142.24
624.24,142.56
624.241,142.24
624.516,141.64
624.915,142.24
625.16,141.84
625.311,142.24
625.518,141.55
625.872,142.24
626.511,142.56
663.548,141.64
663.549,142.24
663.549,141.64
663.549,142.24
663.549,141.64
663.55,142.24
663.55,141.96
663.551,141.64
663.551,142.24
663.552,141.64
663.553,142.24
663.553,141.64
663.554,142.24
663.554,141.64
663.555,142.24
663.555,141.64
663.555,142.24
663.556,141.92
663.556,142.24
663.556,141.64
663.557,141.32
663.558,142.24
663.558,141.64
663.558,142.24
663.559,141.64
663.559,142.24
663.561,141.64
663.562,142.24
663.563,141.64
663.563,142.24
663.577,141.64
663.578,142.24
663.578,141.64
663.578,142.24
663.578,141.64
663.579,142.24
663.579,141.64
663.579,142.24
663.581,141.64
663.581,142.24
663.581,141.64
663.581,142.56
663.583,141.73
663.583,142.24
663.584,141.64
663.584,142.24
663.586,141.64
663.586,142.56
663.587,141.64
663.588,141.32
663.6,141.55
663.601,141.87
663.602,141.32
663.602,141.64
663.602,142.24
663.602,141.64
663.603,142.24
663.603,141.64
663.603,142.24
663.604,141.64
663.604,142.24
663.604,141.92
663.604,141.64
663.604,141.32
663.605,141.64
663.605,142.24
663.605,141.64
663.605,142.24
663.605,141.64
663.606,142.24
663.606,141.64
663.606,142.24
663.606,141.64
663.606,142.24
663.608,141.64
663.608,142.24
663.609,141.64
663.609,142.24
663.609,141.64
663.609,141.32
663.609,140.95
663.611,139.48
663.611,137.81
663.612,137.9
663.613,157.29
663.614,157.69
663.614,157
663.615,156.68
663.615,136.97
663.616,138.82
663.616,136.37
663.617,145.3
663.618,152.94
663.619,147.36
663.619,136.74
663.62,135.32
663.621,155.62
663.621,169.28
663.622,170.12
663.622,170.81
663.623,170.89
663.623,170.81
663.623,170.89
663.624,171.21
663.624,171.81
663.625,171.13
663.625,147.05
663.626,148.6
663.626,151.34
663.627,164.89
663.628,175.5
663.628,171.33
663.629,192.81
663.629,159.54
663.63,116.33
663.693,109.37
663.893,104.34
663.93,104.34
664.09,103.06
664.29,111.08
664.489,113.01
664.687,118.86